date,apparent_temperature,pressure_msl,wind_speed_10m,sea_surface_temperature
2026-05-28 00:00:00-06:00,31.939037,1015.0,3,27.75
2026-05-28 01:00:00-06:00,32.305874,1014.3,3,27.75
2026-05-28 02:00:00-06:00,31.922676,1014.0,3,27.7
2026-05-28 03:00:00-06:00,31.99097,1014.1,3,27.7
2026-05-28 04:00:00-06:00,32.482967,1014.3,3,27.7
2026-05-28 05:00:00-06:00,32.766,1014.4,2,27.7
2026-05-28 06:00:00-06:00,33.29178,1014.6,3,27.75
2026-05-28 07:00:00-06:00,32.870777,1015.4,3,27.8
2026-05-28 08:00:00-06:00,32.862827,1015.6,3,27.9
2026-05-28 09:00:00-06:00,32.98087,1015.7,3,28.05
2026-05-28 10:00:00-06:00,34.429764,1016.0,3,28.15
2026-05-28 11:00:00-06:00,34.591908,1015.6,3,28.25
2026-05-28 12:00:00-06:00,35.139874,1015.5,3,28.35
2026-05-28 13:00:00-06:00,34.77553,1014.9,3,28.4
2026-05-28 14:00:00-06:00,34.66513,1014.0,3,28.45
2026-05-28 15:00:00-06:00,34.255684,1013.9,3,28.5
2026-05-28 16:00:00-06:00,33.475895,1013.6,3,28.55
2026-05-28 17:00:00-06:00,33.33744,1013.8,3,28.55
2026-05-28 18:00:00-06:00,33.41033,1013.8,3,28.55
2026-05-28 19:00:00-06:00,33.73013,1014.3,3,28.55
2026-05-28 20:00:00-06:00,33.49797,1014.8,3,28.5
2026-05-28 21:00:00-06:00,33.54152,1015.2,3,28.4
2026-05-28 22:00:00-06:00,33.062508,1015.8,3,28.35
2026-05-28 22:00:00-06:00,33.062508,1015.8,3,26.8
2026-05-28 23:00:00-06:00,32.851276,1015.4,3,28.3
2026-05-28 23:00:00-06:00,32.851276,1015.4,3,26.75
2026-05-29 00:00:00-04:00,29.971695,1015.7,4,28.35
2026-05-29 00:00:00-04:00,29.971695,1015.7,4,26.8
2026-05-29 01:00:00-04:00,29.848854,1015.0,4,28.3
2026-05-29 01:00:00-04:00,29.848854,1015.0,4,26.75
2026-05-29 02:00:00-04:00,29.649544,1014.8,4,26.75
2026-05-29 03:00:00-04:00,29.72966,1014.2,4,26.75
2026-05-29 04:00:00-04:00,29.59174,1014.1,4,26.7
2026-05-29 05:00:00-04:00,29.183037,1014.0,4,26.65
2026-05-29 06:00:00-04:00,29.110832,1014.1,4,26.65
2026-05-29 07:00:00-04:00,29.170776,1014.4,4,26.65
2026-05-29 08:00:00-04:00,29.724754,1015.2,4,26.65
2026-05-29 09:00:00-04:00,29.576279,1015.4,4,26.7
2026-05-29 10:00:00-04:00,29.653782,1015.4,4,26.75
2026-05-29 11:00:00-04:00,30.575157,1015.5,4,26.8
2026-05-29 12:00:00-04:00,31.081944,1015.4,4,26.9
2026-05-29 13:00:00-04:00,31.509571,1015.1,4,26.95
2026-05-29 14:00:00-04:00,31.659416,1014.6,4,27.0
2026-05-29 15:00:00-04:00,31.513706,1014.3,4,27.0
2026-05-29 16:00:00-04:00,31.356842,1013.7,4,27.05
2026-05-29 17:00:00-04:00,30.484486,1013.4,4,27.05
2026-05-29 18:00:00-04:00,30.276688,1013.9,4,27.0
2026-05-29 19:00:00-04:00,30.398384,1013.9,4,27.0
2026-05-29 20:00:00-04:00,31.60284,1014.6,3,27.0
2026-05-29 21:00:00-04:00,31.441448,1014.9,3,27.0
2026-05-29 22:00:00-04:00,31.218803,1015.4,4,26.95
2026-05-29 23:00:00-04:00,29.919537,1015.6,4,26.95
2026-05-30 00:00:00-04:00,29.959766,1015.7,4,27.3
2026-05-30 01:00:00-04:00,29.697441,1015.2,4,27.25
2026-05-30 02:00:00-04:00,29.320805,1015.0,4,27.25
2026-05-30 03:00:00-04:00,29.038029,1014.9,4,27.25
2026-05-30 04:00:00-04:00,28.732258,1015.0,4,27.25
2026-05-30 05:00:00-04:00,28.507526,1015.1,4,27.2
2026-05-30 06:00:00-04:00,28.372261,1015.6,4,27.2
2026-05-30 07:00:00-04:00,28.493912,1016.1,4,27.25
2026-05-30 08:00:00-04:00,29.04514,1016.6,4,27.25
2026-05-30 09:00:00-04:00,29.257217,1016.7,4,27.3
2026-05-30 10:00:00-04:00,30.301113,1017.0,4,27.35
2026-05-30 11:00:00-04:00,31.10709,1016.9,4,27.4
2026-05-30 12:00:00-04:00,31.671696,1016.7,4,27.45
2026-05-30 13:00:00-04:00,32.173923,1016.4,4,27.5
2026-05-30 14:00:00-04:00,31.890865,1015.6,4,27.55
2026-05-30 15:00:00-04:00,31.486801,1014.8,5,27.55
2026-05-30 16:00:00-04:00,31.14495,1014.5,5,27.55
2026-05-30 17:00:00-04:00,30.229443,1014.1,4,27.55
2026-05-30 18:00:00-04:00,30.006542,1014.6,4,27.5
2026-05-30 19:00:00-04:00,29.9109,1015.0,4,27.45
2026-05-30 20:00:00-04:00,30.466599,1015.3,4,27.45
2026-05-30 21:00:00-04:00,30.235825,1016.0,5,27.45
2026-05-30 22:00:00-04:00,30.582024,1016.4,4,27.4
2026-05-30 23:00:00-04:00,29.968445,1016.7,4,27.4
2026-05-31 00:00:00-04:00,28.777977,1017.9,5,27.3
2026-05-31 01:00:00-04:00,28.997086,1017.1,5,27.25
2026-05-31 02:00:00-04:00,28.907005,1017.0,4,27.25
2026-05-31 03:00:00-04:00,29.016747,1016.8,4,27.25
2026-05-31 04:00:00-04:00,28.728611,1017.1,4,27.2
2026-05-31 05:00:00-04:00,28.548191,1017.5,4,27.2
2026-05-31 06:00:00-04:00,28.39677,1017.7,4,27.2
2026-05-31 07:00:00-04:00,28.543839,1018.1,4,27.2
2026-05-31 08:00:00-04:00,29.373482,1018.6,4,27.2
2026-05-31 09:00:00-04:00,29.750309,1019.0,4,27.25
2026-05-31 10:00:00-04:00,30.15731,1019.0,4,27.3
2026-05-31 11:00:00-04:00,30.77206,1018.7,4,27.35
2026-05-31 12:00:00-04:00,31.134811,1018.4,4,27.4
2026-05-31 13:00:00-04:00,31.019775,1017.9,4,27.45
2026-05-31 14:00:00-04:00,30.892204,1017.3,4,27.5
2026-05-31 15:00:00-04:00,30.265602,1016.8,4,27.5
2026-05-31 16:00:00-04:00,29.433132,1016.6,4,27.5
2026-05-31 17:00:00-04:00,29.205772,1016.5,4,27.5
2026-05-31 18:00:00-04:00,29.137268,1017.0,4,27.45
2026-05-31 19:00:00-04:00,29.015282,1017.1,4,27.4
2026-05-31 20:00:00-04:00,29.146648,1018.0,4,27.4
2026-05-31 21:00:00-04:00,29.005478,1018.8,4,27.4
2026-05-31 22:00:00-04:00,29.093681,1019.1,4,27.35
2026-05-31 23:00:00-04:00,29.040848,1019.1,4,27.35
2026-06-01 00:00:00-04:00,28.490189,1019.1,4,26.95
2026-06-01 01:00:00-04:00,28.101498,1018.4,4,26.9
2026-06-01 02:00:00-04:00,27.361599,1018.1,5,26.9
2026-06-01 03:00:00-04:00,27.18925,1017.8,5,26.9
2026-06-01 04:00:00-04:00,27.105553,1018.2,5,26.85
2026-06-01 05:00:00-04:00,26.811136,1018.5,5,26.85
2026-06-01 06:00:00-04:00,26.42245,1018.7,5,26.85
2026-06-01 07:00:00-04:00,26.515568,1019.1,5,26.85
2026-06-01 08:00:00-04:00,27.38748,1019.7,5,26.85
2026-06-01 09:00:00-04:00,27.719358,1019.9,4,26.85
2026-06-01 10:00:00-04:00,28.819527,1020.1,4,26.9
2026-06-01 11:00:00-04:00,29.466774,1019.9,4,26.95
2026-06-01 12:00:00-04:00,29.625935,1019.5,4,27.0
2026-06-01 13:00:00-04:00,30.003662,1019.3,4,27.05
2026-06-01 14:00:00-04:00,29.330013,1018.8,4,27.05
2026-06-01 15:00:00-04:00,28.725586,1018.5,4,27.05
2026-06-01 16:00:00-04:00,28.322044,1018.3,4,27.05
2026-06-01 17:00:00-04:00,27.96225,1018.3,4,27.05
2026-06-01 18:00:00-04:00,27.743223,1018.5,5,27.05
2026-06-01 19:00:00-04:00,27.509005,1018.8,5,27.0
2026-06-01 20:00:00-04:00,27.735092,1019.5,5,27.0
2026-06-01 21:00:00-04:00,27.624067,1020.0,5,27.0
2026-06-01 22:00:00-04:00,26.996166,1020.2,5,26.95
2026-06-01 23:00:00-04:00,27.25332,1019.9,5,26.95
2026-06-01 23:00:00-04:00,27.25332,1019.9,5,27.9
2026-06-02 00:00:00-03:00,27.259789,1016.3,5,26.95
2026-06-02 00:00:00-03:00,27.259789,1016.3,5,27.9
2026-06-02 01:00:00-03:00,26.898293,1015.6,5,27.85
2026-06-02 02:00:00-03:00,26.6793,1014.8,5,27.85
2026-06-02 03:00:00-03:00,26.617586,1014.3,5,27.85
2026-06-02 04:00:00-03:00,26.774261,1014.2,5,27.85
2026-06-02 05:00:00-03:00,26.664942,1014.4,5,27.8
2026-06-02 06:00:00-03:00,26.704845,1014.8,5,27.8
2026-06-02 07:00:00-03:00,26.911253,1015.2,5,27.75
2026-06-02 08:00:00-03:00,27.175781,1015.8,5,27.75
2026-06-02 09:00:00-03:00,27.794231,1016.5,5,27.75
2026-06-02 10:00:00-03:00,28.165493,1017.0,5,27.75
2026-06-02 11:00:00-03:00,28.56557,1016.9,5,27.75
2026-06-02 12:00:00-03:00,28.643036,1016.5,5,27.8
2026-06-02 13:00:00-03:00,29.138378,1016.0,5,27.8
2026-06-02 14:00:00-03:00,28.89397,1015.5,5,27.85
2026-06-02 15:00:00-03:00,28.794117,1014.9,5,27.85
2026-06-02 16:00:00-03:00,27.97829,1014.6,5,27.85
2026-06-02 17:00:00-03:00,27.634453,1014.4,5,27.85
2026-06-02 18:00:00-03:00,27.575813,1014.6,5,27.85
2026-06-02 19:00:00-03:00,27.034243,1014.7,5,27.85
2026-06-02 20:00:00-03:00,27.347809,1014.9,5,27.8
2026-06-02 21:00:00-03:00,27.459015,1016.0,5,27.8
2026-06-02 22:00:00-03:00,27.37175,1016.3,5,27.75
2026-06-02 23:00:00-03:00,26.994267,1016.6,5,27.7
2026-06-03 00:00:00-03:00,31.201336,1016.0,3,28.05
2026-06-03 01:00:00-03:00,30.927277,1015.3,3,28.0
2026-06-03 02:00:00-03:00,30.6857,1014.5,3,28.0
2026-06-03 03:00:00-03:00,30.538853,1014.6,3,28.0
2026-06-03 04:00:00-03:00,30.400082,1014.5,3,28.0
2026-06-03 05:00:00-03:00,30.101704,1014.4,3,28.0
2026-06-03 06:00:00-03:00,30.055683,1014.6,4,28.0
2026-06-03 07:00:00-03:00,29.984734,1015.0,4,28.0
2026-06-03 08:00:00-03:00,30.069275,1015.3,4,28.05
2026-06-03 09:00:00-03:00,30.74812,1015.8,4,28.05
2026-06-03 10:00:00-03:00,31.624012,1015.9,4,28.1
2026-06-03 11:00:00-03:00,32.162815,1015.7,4,28.15
2026-06-03 12:00:00-03:00,32.314957,1015.3,4,28.2
2026-06-03 13:00:00-03:00,32.84186,1014.7,4,28.3
2026-06-03 14:00:00-03:00,32.442688,1014.0,4,28.35
2026-06-03 15:00:00-03:00,31.610382,1013.7,4,28.35
2026-06-03 16:00:00-03:00,30.752773,1013.5,4,28.35
2026-06-03 17:00:00-03:00,30.556957,1013.3,4,28.3
2026-06-03 18:00:00-03:00,30.346111,1013.6,4,28.3
2026-06-03 19:00:00-03:00,30.686562,1013.6,4,28.25
2026-06-03 20:00:00-03:00,31.025528,1014.3,4,28.2
2026-06-03 21:00:00-03:00,31.43261,1015.1,4,28.15
2026-06-03 22:00:00-03:00,30.833935,1015.4,4,28.15
2026-06-03 23:00:00-03:00,30.036396,1015.7,4,28.1
2026-06-04 00:00:00-03:00,30.717598,1015.0,3,28.1
2026-06-04 01:00:00-03:00,30.107574,1014.5,3,28.1
2026-06-04 02:00:00-03:00,28.87207,1013.8,3,28.05
2026-06-04 03:00:00-03:00,29.425114,1013.7,3,28.05
2026-06-04 04:00:00-03:00,29.124378,1013.8,4,28.05
2026-06-04 05:00:00-03:00,29.741734,1013.6,3,28.05
2026-06-04 06:00:00-03:00,30.476566,1014.2,2,28.05
2026-06-04 07:00:00-03:00,29.674313,1015.0,3,28.05
2026-06-04 08:00:00-03:00,29.360764,1015.6,3,28.05
2026-06-04 09:00:00-03:00,29.308205,1015.7,4,28.05
2026-06-04 10:00:00-03:00,29.59774,1016.1,3,28.05
2026-06-04 11:00:00-03:00,30.701714,1015.4,3,28.1
2026-06-04 12:00:00-03:00,28.257107,1015.3,5,28.15
2026-06-04 13:00:00-03:00,28.246044,1014.2,4,28.15
2026-06-04 14:00:00-03:00,29.568127,1013.7,4,28.2
2026-06-04 15:00:00-03:00,29.159657,1013.3,4,28.2
2026-06-04 16:00:00-03:00,29.405228,1013.2,4,28.2
2026-06-04 17:00:00-03:00,29.708447,1013.3,4,28.15
2026-06-04 18:00:00-03:00,29.99076,1013.8,3,28.1
2026-06-04 19:00:00-03:00,30.102612,1013.7,3,28.1
2026-06-04 20:00:00-03:00,30.082111,1014.3,4,28.05
2026-06-04 21:00:00-03:00,30.195923,1014.7,4,28.0
2026-06-04 22:00:00-03:00,30.597733,1014.8,4,27.95
2026-06-04 23:00:00-03:00,30.293007,1014.6,4,27.95
2026-06-04 23:00:00-03:00,30.293007,1014.6,4,28.55
2026-06-05 00:00:00-02:00,30.542488,1014.5,4,27.95
2026-06-05 00:00:00-02:00,30.542488,1014.5,4,28.55
2026-06-05 01:00:00-02:00,30.730858,1013.7,4,28.5
2026-06-05 02:00:00-02:00,30.567879,1012.9,4,28.5
2026-06-05 03:00:00-02:00,30.31187,1012.4,4,28.5
2026-06-05 04:00:00-02:00,29.785309,1012.5,4,28.5
2026-06-05 05:00:00-02:00,29.991997,1012.8,4,28.5
2026-06-05 06:00:00-02:00,29.95459,1013.0,4,28.5
2026-06-05 07:00:00-02:00,30.093475,1013.5,4,28.5
2026-06-05 08:00:00-02:00,30.244434,1014.0,4,28.5
2026-06-05 09:00:00-02:00,30.448166,1014.6,3,28.55
2026-06-05 10:00:00-02:00,30.846855,1014.6,3,28.55
2026-06-05 11:00:00-02:00,31.663528,1014.6,3,28.6
2026-06-05 12:00:00-02:00,32.02868,1014.5,3,28.65
2026-06-05 13:00:00-02:00,31.967716,1013.6,3,28.7
2026-06-05 14:00:00-02:00,31.772903,1013.0,3,28.75
2026-06-05 15:00:00-02:00,30.648438,1012.6,4,28.8
2026-06-05 16:00:00-02:00,30.205307,1012.3,4,28.8
2026-06-05 17:00:00-02:00,29.880356,1012.5,4,28.8
2026-06-05 18:00:00-02:00,29.955894,1013.0,4,28.75
2026-06-05 19:00:00-02:00,30.071873,1013.2,4,28.7
2026-06-05 20:00:00-02:00,29.862843,1013.5,4,28.65
2026-06-05 21:00:00-02:00,29.09488,1013.8,4,28.65
2026-06-05 22:00:00-02:00,27.226461,1014.4,4,28.6
2026-06-05 23:00:00-02:00,28.920425,1014.4,4,28.6
2026-06-06 00:00:00-02:00,28.414177,1014.2,4,28.4
2026-06-06 01:00:00-02:00,28.445282,1013.6,4,28.4
2026-06-06 02:00:00-02:00,28.41029,1013.0,4,28.4
2026-06-06 03:00:00-02:00,28.247913,1012.7,4,28.4
2026-06-06 04:00:00-02:00,28.237709,1012.7,4,28.4
2026-06-06 05:00:00-02:00,28.276329,1012.9,4,28.4
2026-06-06 06:00:00-02:00,28.762524,1013.1,3,28.4
2026-06-06 07:00:00-02:00,28.711456,1013.3,3,28.4
2026-06-06 08:00:00-02:00,28.955452,1013.7,4,28.4
2026-06-06 09:00:00-02:00,28.65168,1014.0,4,28.4
2026-06-06 10:00:00-02:00,28.726204,1014.1,4,28.4
2026-06-06 11:00:00-02:00,29.701645,1014.2,4,28.4
2026-06-06 12:00:00-02:00,30.268661,1013.7,4,28.45
2026-06-06 13:00:00-02:00,30.163593,1013.0,4,28.45
2026-06-06 14:00:00-02:00,29.486359,1012.2,4,28.5
2026-06-06 15:00:00-02:00,28.69175,1012.0,4,28.5
2026-06-06 16:00:00-02:00,29.038445,1012.2,4,28.5
2026-06-06 17:00:00-02:00,28.777855,1012.6,4,28.5
2026-06-06 18:00:00-02:00,28.623638,1012.9,4,28.5
2026-06-06 19:00:00-02:00,28.56522,1013.5,4,28.45
2026-06-06 20:00:00-02:00,28.558323,1013.8,4,28.45
2026-06-06 21:00:00-02:00,28.576126,1013.9,4,28.4
2026-06-06 22:00:00-02:00,28.998589,1014.4,4,28.4
2026-06-06 23:00:00-02:00,29.11465,1014.7,4,28.4
2026-06-06 23:00:00-02:00,29.11465,1014.7,4,26.55
2026-06-07 00:00:00-01:00,27.01691,1016.1,3,28.4
2026-06-07 00:00:00-01:00,27.01691,1016.1,3,26.55
2026-06-07 01:00:00-01:00,26.881287,1016.0,3,26.55
2026-06-07 02:00:00-01:00,26.750338,1015.4,3,26.5
2026-06-07 03:00:00-01:00,26.691158,1015.2,3,26.5
2026-06-07 04:00:00-01:00,26.623537,1015.1,3,26.5
2026-06-07 05:00:00-01:00,26.025911,1015.1,3,26.5
2026-06-07 06:00:00-01:00,25.985275,1015.3,4,26.5
2026-06-07 07:00:00-01:00,26.120834,1015.7,3,26.5
2026-06-07 08:00:00-01:00,26.303436,1016.2,4,26.5
2026-06-07 09:00:00-01:00,26.084158,1016.9,4,26.5
2026-06-07 10:00:00-01:00,25.883797,1017.1,4,26.5
2026-06-07 11:00:00-01:00,26.444801,1017.1,4,26.5
2026-06-07 12:00:00-01:00,26.67369,1016.7,4,26.5
2026-06-07 13:00:00-01:00,26.957188,1015.7,4,26.5
2026-06-07 14:00:00-01:00,27.002478,1015.1,4,26.55
2026-06-07 15:00:00-01:00,26.541916,1014.5,4,26.55
2026-06-07 16:00:00-01:00,26.689219,1014.4,4,26.55
2026-06-07 17:00:00-01:00,26.824272,1015.0,4,26.55
2026-06-07 18:00:00-01:00,26.935884,1015.2,4,26.55
2026-06-07 19:00:00-01:00,26.74397,1015.6,4,26.55
2026-06-07 20:00:00-01:00,26.583235,1016.2,4,26.5
2026-06-07 21:00:00-01:00,26.77336,1016.7,4,26.5
2026-06-07 22:00:00-01:00,26.993462,1017.0,4,26.45
2026-06-07 23:00:00-01:00,26.820343,1017.2,4,26.45
2026-06-08 00:00:00-01:00,23.891052,1018.7,4,24.65
2026-06-08 01:00:00-01:00,23.977207,1018.8,4,24.65
2026-06-08 02:00:00-01:00,24.227358,1018.8,4,24.65
2026-06-08 03:00:00-01:00,24.33248,1018.4,4,24.65
2026-06-08 04:00:00-01:00,24.398912,1018.1,4,24.65
2026-06-08 05:00:00-01:00,24.68206,1019.0,4,24.65
2026-06-08 06:00:00-01:00,24.731205,1019.4,4,24.65
2026-06-08 07:00:00-01:00,24.63246,1019.7,4,24.65
2026-06-08 08:00:00-01:00,24.65405,1020.4,4,24.65
2026-06-08 09:00:00-01:00,24.498371,1020.9,4,24.7
2026-06-08 10:00:00-01:00,24.115,1021.1,4,24.7
2026-06-08 11:00:00-01:00,24.829447,1021.0,4,24.7
2026-06-08 12:00:00-01:00,25.277323,1020.3,4,24.7
2026-06-08 13:00:00-01:00,25.582758,1019.6,4,24.7
2026-06-08 14:00:00-01:00,25.475779,1019.2,4,24.75
2026-06-08 15:00:00-01:00,24.748878,1018.8,4,24.75
2026-06-08 16:00:00-01:00,24.592216,1018.9,4,24.75
2026-06-08 17:00:00-01:00,24.450829,1019.4,4,24.75
2026-06-08 18:00:00-01:00,24.205784,1019.6,4,24.75
2026-06-08 19:00:00-01:00,24.038351,1020.0,4,24.7
2026-06-08 20:00:00-01:00,23.820719,1020.2,4,24.7
2026-06-08 21:00:00-01:00,23.74794,1020.3,4,24.7
2026-06-08 22:00:00-01:00,23.92212,1020.5,4,24.65
2026-06-08 23:00:00-01:00,24.31372,1020.3,4,24.65
2026-06-09 00:00:00-01:00,23.239832,1021.5,3,23.25
2026-06-09 01:00:00-01:00,23.320755,1021.5,2,23.25
2026-06-09 02:00:00-01:00,23.36107,1021.2,2,23.25
2026-06-09 03:00:00-01:00,23.407457,1020.8,2,23.25
2026-06-09 04:00:00-01:00,23.323956,1020.6,2,23.25
2026-06-09 05:00:00-01:00,23.083122,1020.8,2,23.25
2026-06-09 06:00:00-01:00,22.949219,1021.0,2,23.25
2026-06-09 07:00:00-01:00,23.205587,1021.1,2,23.3
2026-06-09 08:00:00-01:00,23.323238,1021.5,2,23.3
2026-06-09 09:00:00-01:00,22.991756,1021.7,2,23.35
2026-06-09 10:00:00-01:00,22.64231,1021.6,3,23.4
2026-06-09 11:00:00-01:00,24.008842,1021.5,2,23.4
2026-06-09 12:00:00-01:00,24.081892,1020.6,3,23.4
2026-06-09 13:00:00-01:00,23.769375,1019.9,3,23.45
2026-06-09 14:00:00-01:00,23.530529,1019.8,3,23.45
2026-06-09 15:00:00-01:00,23.58636,1019.6,3,23.45
2026-06-09 16:00:00-01:00,23.630632,1019.7,2,23.45
2026-06-09 17:00:00-01:00,23.539438,1019.7,2,23.45
2026-06-09 18:00:00-01:00,24.032166,1020.4,2,23.45
2026-06-09 19:00:00-01:00,24.077383,1020.7,2,23.4
2026-06-09 20:00:00-01:00,24.123367,1020.8,1,23.4
2026-06-09 21:00:00-01:00,24.384014,1021.3,1,23.35
2026-06-09 22:00:00-01:00,24.056648,1020.9,1,23.35
2026-06-09 23:00:00-01:00,24.587626,1020.7,1,23.3
2026-06-09 23:00:00-01:00,24.587626,1020.7,1,22.35
2026-06-10 00:00:00+00:00,21.46743,1020.2,3,23.3
2026-06-10 00:00:00+00:00,21.46743,1020.2,3,22.35
2026-06-10 01:00:00+00:00,21.352657,1019.9,3,22.35
2026-06-10 02:00:00+00:00,21.129278,1019.8,3,22.35
2026-06-10 03:00:00+00:00,21.070919,1019.2,3,22.3
2026-06-10 04:00:00+00:00,20.971786,1019.1,4,22.3
2026-06-10 05:00:00+00:00,21.346584,1018.5,3,22.3
2026-06-10 06:00:00+00:00,21.138132,1018.9,3,22.3
2026-06-10 07:00:00+00:00,21.32956,1018.8,3,22.3
2026-06-10 08:00:00+00:00,21.644596,1018.7,3,22.3
2026-06-10 09:00:00+00:00,21.555914,1019.4,3,22.3
2026-06-10 10:00:00+00:00,21.431534,1019.8,3,22.35
2026-06-10 11:00:00+00:00,21.310675,1020.0,3,22.35
2026-06-10 12:00:00+00:00,21.973148,1019.4,3,22.35
2026-06-10 13:00:00+00:00,22.185207,1018.6,3,22.35
2026-06-10 14:00:00+00:00,21.98292,1017.9,3,22.35
2026-06-10 15:00:00+00:00,21.892982,1018.1,3,22.4
2026-06-10 16:00:00+00:00,22.164028,1018.2,3,22.4
2026-06-10 17:00:00+00:00,22.377304,1018.4,3,22.4
2026-06-10 18:00:00+00:00,21.941708,1018.8,3,22.4
2026-06-10 19:00:00+00:00,21.835144,1019.5,3,22.4
2026-06-10 20:00:00+00:00,22.407196,1019.6,2,22.4
2026-06-10 21:00:00+00:00,22.704874,1019.6,2,22.35
2026-06-10 22:00:00+00:00,22.751846,1019.8,2,22.35
2026-06-10 23:00:00+00:00,22.195219,1020.0,2,22.3
2026-06-11 00:00:00+00:00,18.014198,1018.4,3,21.0
2026-06-11 01:00:00+00:00,17.830564,1018.6,3,21.0
2026-06-11 02:00:00+00:00,17.996933,1018.4,3,21.0
2026-06-11 03:00:00+00:00,17.976513,1018.0,3,20.95
2026-06-11 04:00:00+00:00,17.035416,1018.2,4,20.95
2026-06-11 05:00:00+00:00,16.659353,1018.6,4,20.95
2026-06-11 06:00:00+00:00,16.54276,1019.8,4,20.95
2026-06-11 07:00:00+00:00,17.11345,1020.2,3,20.95
2026-06-11 08:00:00+00:00,16.541267,1020.4,4,20.95
2026-06-11 09:00:00+00:00,16.576147,1021.4,4,21.0
2026-06-11 10:00:00+00:00,16.400915,1022.1,4,21.0
2026-06-11 11:00:00+00:00,16.201632,1022.2,4,21.0
2026-06-11 12:00:00+00:00,16.617596,1022.0,3,21.0
2026-06-11 13:00:00+00:00,15.822447,1021.6,4,21.0
2026-06-11 14:00:00+00:00,15.363823,1021.6,4,21.0
2026-06-11 15:00:00+00:00,14.625998,1021.9,4,21.0
2026-06-11 16:00:00+00:00,14.533087,1022.4,4,20.95
2026-06-11 17:00:00+00:00,14.340359,1023.2,4,20.95
2026-06-11 18:00:00+00:00,14.762043,1023.6,4,20.95
2026-06-11 19:00:00+00:00,14.899126,1024.4,4,20.95
2026-06-11 20:00:00+00:00,14.82835,1024.8,4,20.95
2026-06-11 21:00:00+00:00,15.09951,1024.9,4,20.95
2026-06-11 22:00:00+00:00,15.261036,1025.3,4,20.95
2026-06-11 23:00:00+00:00,15.065735,1025.3,4,20.95
2026-06-11 23:00:00+00:00,15.065735,1025.3,4,18.55
2026-06-12 00:00:00+01:00,12.538189,1023.1,4,20.95
2026-06-12 00:00:00+01:00,12.538189,1023.1,4,18.55
2026-06-12 01:00:00+01:00,12.083412,1023.2,5,18.55
2026-06-12 02:00:00+01:00,12.189772,1023.3,5,18.55
2026-06-12 03:00:00+01:00,12.267002,1023.3,5,18.55
2026-06-12 04:00:00+01:00,12.572941,1023.1,5,18.5
2026-06-12 05:00:00+01:00,12.727148,1023.2,5,18.5
2026-06-12 06:00:00+01:00,12.628227,1023.7,5,18.5
2026-06-12 07:00:00+01:00,12.936565,1024.5,4,18.5
2026-06-12 08:00:00+01:00,13.517681,1025.4,4,18.5
2026-06-12 09:00:00+01:00,13.831875,1025.8,4,18.5
2026-06-12 10:00:00+01:00,13.806816,1026.6,4,18.55
2026-06-12 11:00:00+01:00,13.972624,1026.9,3,18.55
2026-06-12 12:00:00+01:00,14.061966,1026.6,3,18.55
2026-06-12 13:00:00+01:00,14.637901,1026.0,3,18.55
2026-06-12 14:00:00+01:00,14.961796,1025.6,3,18.55
2026-06-12 15:00:00+01:00,15.005899,1025.8,3,18.55
2026-06-12 16:00:00+01:00,14.66684,1025.9,3,18.55
2026-06-12 17:00:00+01:00,14.592073,1026.5,3,18.5
2026-06-12 18:00:00+01:00,14.629953,1026.7,3,18.5
2026-06-12 19:00:00+01:00,14.541019,1027.1,3,18.5
2026-06-12 20:00:00+01:00,14.637497,1027.6,3,18.5
2026-06-12 21:00:00+01:00,14.638229,1027.9,3,18.5
2026-06-12 22:00:00+01:00,14.427856,1027.9,3,18.5
2026-06-12 23:00:00+01:00,14.514471,1027.7,3,18.45
2026-06-13 00:00:00+01:00,14.889399,1025.8,2,17.2
2026-06-13 01:00:00+01:00,14.661533,1025.9,2,17.2
2026-06-13 02:00:00+01:00,13.949932,1025.8,2,17.2
2026-06-13 03:00:00+01:00,13.9319935,1025.8,2,17.2
2026-06-13 04:00:00+01:00,13.899998,1025.6,2,17.15
2026-06-13 05:00:00+01:00,13.937302,1025.7,2,17.15
2026-06-13 06:00:00+01:00,14.259743,1025.9,2,17.15
2026-06-13 07:00:00+01:00,14.317759,1026.2,2,17.15
2026-06-13 08:00:00+01:00,14.717257,1026.4,1,17.2
2026-06-13 09:00:00+01:00,14.824924,1026.6,1,17.25
2026-06-13 10:00:00+01:00,14.91485,1026.7,1,17.3
2026-06-13 11:00:00+01:00,14.769875,1026.4,2,17.35
2026-06-13 12:00:00+01:00,14.747816,1025.8,2,17.4
2026-06-13 13:00:00+01:00,15.044689,1024.9,2,17.4
2026-06-13 14:00:00+01:00,14.745651,1024.4,2,17.4
2026-06-13 15:00:00+01:00,14.671923,1024.3,3,17.35
2026-06-13 16:00:00+01:00,14.549896,1024.3,3,17.35
2026-06-13 17:00:00+01:00,14.703173,1024.4,2,17.3
2026-06-13 18:00:00+01:00,14.571375,1024.7,3,17.25
2026-06-13 19:00:00+01:00,14.08074,1024.7,3,17.25
2026-06-13 20:00:00+01:00,13.721521,1024.9,3,17.25
2026-06-13 21:00:00+01:00,13.637228,1024.9,4,17.25
2026-06-13 22:00:00+01:00,13.317751,1024.7,4,17.25
2026-06-13 23:00:00+01:00,12.968662,1024.5,4,17.25
2026-06-14 00:00:00+01:00,11.682558,1025.0,5,17.1
2026-06-14 01:00:00+01:00,11.862595,1024.4,5,17.1
2026-06-14 02:00:00+01:00,12.135757,1023.7,5,17.1
2026-06-14 03:00:00+01:00,12.175806,1023.3,5,17.1
2026-06-14 04:00:00+01:00,12.594381,1022.7,5,17.05
2026-06-14 05:00:00+01:00,12.934242,1022.3,5,17.05
2026-06-14 06:00:00+01:00,12.840317,1022.4,5,17.05
2026-06-14 07:00:00+01:00,12.966368,1022.4,5,17.05
2026-06-14 08:00:00+01:00,13.175716,1022.5,5,17.05
2026-06-14 09:00:00+01:00,13.361053,1022.6,4,17.1
2026-06-14 10:00:00+01:00,13.214771,1022.3,4,17.1
2026-06-14 11:00:00+01:00,12.754242,1021.4,4,17.15
2026-06-14 12:00:00+01:00,13.268932,1020.4,4,17.2
2026-06-14 13:00:00+01:00,13.534754,1019.8,4,17.2
2026-06-14 14:00:00+01:00,12.507807,1019.6,5,17.2
2026-06-14 15:00:00+01:00,11.261596,1019.6,6,17.2
2026-06-14 16:00:00+01:00,11.040596,1019.7,6,17.2
2026-06-14 17:00:00+01:00,9.6817045,1020.3,6,17.2
2026-06-14 18:00:00+01:00,10.2001095,1020.5,6,17.2
2026-06-14 19:00:00+01:00,10.793327,1020.6,5,17.2
2026-06-14 20:00:00+01:00,9.817293,1020.4,6,17.2
2026-06-14 21:00:00+01:00,9.347265,1020.7,6,17.2
2026-06-14 22:00:00+01:00,8.658358,1020.5,7,17.15
2026-06-14 23:00:00+01:00,8.599716,1020.6,7,17.15
2026-06-14 23:00:00+01:00,8.599716,1020.6,7,22.8
2026-06-15 00:00:00+02:00,19.536808,1018.3,4,17.15
2026-06-15 00:00:00+02:00,19.536808,1018.3,4,22.8
2026-06-15 01:00:00+02:00,17.704365,1019.0,4,22.8
2026-06-15 02:00:00+02:00,17.767479,1019.5,5,22.8
2026-06-15 03:00:00+02:00,17.281464,1019.4,5,22.8
2026-06-15 04:00:00+02:00,15.8216095,1019.6,6,22.8
2026-06-15 05:00:00+02:00,15.253939,1020.0,6,22.8
2026-06-15 06:00:00+02:00,15.175991,1020.6,6,22.8
2026-06-15 07:00:00+02:00,15.238667,1021.5,6,22.8
2026-06-15 08:00:00+02:00,15.0262985,1022.3,6,22.8
2026-06-15 09:00:00+02:00,14.582813,1023.2,6,22.8
2026-06-15 10:00:00+02:00,14.6112385,1023.5,6,22.8
2026-06-15 11:00:00+02:00,14.823414,1023.2,6,22.8
2026-06-15 12:00:00+02:00,14.770393,1022.7,6,22.85
2026-06-15 13:00:00+02:00,14.319729,1022.4,6,22.85
2026-06-15 14:00:00+02:00,14.093853,1022.1,6,22.85
2026-06-15 15:00:00+02:00,13.796265,1021.7,6,22.85
2026-06-15 16:00:00+02:00,14.052792,1022.0,6,22.85
2026-06-15 17:00:00+02:00,14.252375,1022.4,6,22.85
2026-06-15 18:00:00+02:00,14.464592,1023.0,6,22.85
2026-06-15 19:00:00+02:00,14.546925,1023.8,6,22.85
2026-06-15 20:00:00+02:00,15.204882,1024.2,6,22.85
2026-06-15 21:00:00+02:00,15.471441,1024.5,6,22.85
2026-06-15 22:00:00+02:00,16.3228,1025.1,5,22.8
2026-06-15 23:00:00+02:00,17.001984,1025.0,5,22.8
2026-06-16 00:00:00+02:00,21.902742,1022.7,4,24.35
2026-06-16 01:00:00+02:00,21.082148,1023.0,5,24.35
2026-06-16 02:00:00+02:00,20.882477,1023.2,5,24.35
2026-06-16 03:00:00+02:00,20.468676,1023.1,5,24.35
2026-06-16 04:00:00+02:00,20.01867,1023.2,5,24.35
2026-06-16 05:00:00+02:00,19.70213,1023.2,5,24.35
2026-06-16 06:00:00+02:00,19.627361,1024.1,5,24.3
2026-06-16 07:00:00+02:00,19.541006,1025.0,5,24.3
2026-06-16 08:00:00+02:00,19.985374,1025.6,4,24.3
2026-06-16 09:00:00+02:00,20.40176,1026.3,4,24.3
2026-06-16 10:00:00+02:00,20.523485,1026.8,4,24.3
2026-06-16 11:00:00+02:00,20.803041,1026.5,4,24.3
2026-06-16 12:00:00+02:00,21.200087,1026.0,3,24.3
2026-06-16 13:00:00+02:00,21.340729,1025.7,4,24.3
2026-06-16 14:00:00+02:00,21.729177,1025.2,3,24.3
2026-06-16 15:00:00+02:00,22.146585,1025.2,3,24.3
2026-06-16 16:00:00+02:00,22.059505,1025.3,4,24.3
2026-06-16 17:00:00+02:00,21.796928,1025.4,4,24.3
2026-06-16 18:00:00+02:00,21.556427,1026.1,4,24.25
2026-06-16 19:00:00+02:00,21.670603,1026.4,4,24.25
2026-06-16 20:00:00+02:00,21.842278,1026.6,3,24.25
2026-06-16 21:00:00+02:00,21.712124,1026.6,3,24.25
2026-06-16 22:00:00+02:00,21.481842,1027.0,3,24.25
2026-06-16 23:00:00+02:00,21.781143,1026.8,3,24.2
2026-06-16 23:00:00+02:00,21.781143,1026.8,3,24.35
2026-06-17 00:00:00+03:00,24.678373,1025.4,2,24.2
2026-06-17 00:00:00+03:00,24.678373,1025.4,2,24.35
2026-06-17 01:00:00+03:00,24.661816,1024.9,2,24.3
2026-06-17 02:00:00+03:00,24.580717,1024.7,2,24.3
2026-06-17 03:00:00+03:00,24.231968,1024.4,2,24.3
2026-06-17 04:00:00+03:00,23.846203,1023.9,3,24.3
2026-06-17 05:00:00+03:00,23.128428,1024.1,3,24.25
2026-06-17 06:00:00+03:00,22.378849,1024.4,4,24.2
2026-06-17 07:00:00+03:00,21.760166,1024.9,4,24.2
2026-06-17 08:00:00+03:00,21.247364,1025.7,4,24.15
2026-06-17 09:00:00+03:00,21.207226,1026.1,4,24.15
2026-06-17 10:00:00+03:00,21.208641,1026.5,3,24.15
2026-06-17 11:00:00+03:00,21.196478,1026.2,3,24.2
2026-06-17 12:00:00+03:00,21.33383,1025.6,3,24.2
2026-06-17 13:00:00+03:00,21.410515,1024.9,3,24.25
2026-06-17 14:00:00+03:00,21.413801,1024.3,3,24.3
2026-06-17 15:00:00+03:00,21.786077,1023.8,3,24.3
2026-06-17 16:00:00+03:00,21.294727,1023.8,4,24.3
2026-06-17 17:00:00+03:00,21.049212,1024.0,4,24.3
2026-06-17 18:00:00+03:00,20.509312,1024.1,4,24.3
2026-06-17 19:00:00+03:00,19.79933,1024.6,4,24.25
2026-06-17 20:00:00+03:00,20.061909,1025.1,4,24.25
2026-06-17 21:00:00+03:00,20.325676,1024.4,4,24.25
2026-06-17 22:00:00+03:00,20.64445,1024.6,3,24.25
2026-06-17 23:00:00+03:00,20.701702,1024.2,3,24.25
2026-06-18 00:00:00+03:00,24.73343,1021.8,3,25.05
2026-06-18 01:00:00+03:00,24.250988,1021.6,3,25.05
2026-06-18 02:00:00+03:00,23.832481,1021.1,3,25.05
2026-06-18 03:00:00+03:00,23.200186,1021.0,3,25.05
2026-06-18 04:00:00+03:00,22.171368,1020.8,4,25.05
2026-06-18 05:00:00+03:00,21.743479,1020.8,4,25.05
2026-06-18 06:00:00+03:00,21.8436,1021.1,4,25.05
2026-06-18 07:00:00+03:00,21.103487,1021.6,4,25.05
2026-06-18 08:00:00+03:00,21.585772,1021.7,4,25.05
2026-06-18 09:00:00+03:00,21.772915,1022.0,4,25.05
2026-06-18 10:00:00+03:00,22.09332,1022.0,3,25.05
2026-06-18 11:00:00+03:00,22.096476,1021.4,3,25.05
2026-06-18 12:00:00+03:00,21.89503,1021.0,4,25.1
2026-06-18 13:00:00+03:00,21.383244,1020.1,4,25.1
2026-06-18 14:00:00+03:00,20.955997,1019.9,4,25.1
2026-06-18 15:00:00+03:00,21.128643,1019.7,4,25.1
2026-06-18 16:00:00+03:00,20.866013,1019.7,4,25.1
2026-06-18 17:00:00+03:00,20.907684,1020.0,4,25.1
2026-06-18 18:00:00+03:00,20.728504,1020.2,4,25.1
2026-06-18 19:00:00+03:00,20.61886,1020.7,4,25.05
2026-06-18 20:00:00+03:00,20.396236,1020.7,4,25.05
2026-06-18 21:00:00+03:00,20.37437,1020.3,3,25.05
2026-06-18 22:00:00+03:00,20.442549,1020.4,3,25.05
2026-06-18 23:00:00+03:00,20.62472,1020.2,3,25.05
2026-06-18 23:00:00+03:00,20.62472,1020.2,3,25.5
2026-06-19 00:00:00+04:00,22.522512,1018.6,4,25.05
2026-06-19 00:00:00+04:00,22.522512,1018.6,4,25.5
2026-06-19 01:00:00+04:00,22.538368,1018.2,4,25.5
2026-06-19 02:00:00+04:00,22.714684,1018.1,4,25.5
2026-06-19 03:00:00+04:00,22.716278,1017.6,4,25.5
2026-06-19 04:00:00+04:00,22.867445,1017.2,3,25.5
2026-06-19 05:00:00+04:00,22.902977,1017.3,3,25.5
2026-06-19 06:00:00+04:00,22.90197,1017.6,3,25.5
2026-06-19 07:00:00+04:00,22.83531,1018.1,3,25.5
2026-06-19 08:00:00+04:00,22.944246,1018.8,3,25.5
2026-06-19 09:00:00+04:00,23.04166,1019.2,3,25.5
2026-06-19 10:00:00+04:00,23.565334,1019.2,3,25.5
2026-06-19 11:00:00+04:00,23.562683,1019.0,3,25.5
2026-06-19 12:00:00+04:00,24.011845,1018.7,3,25.55
2026-06-19 13:00:00+04:00,24.277195,1018.0,3,25.6
2026-06-19 14:00:00+04:00,24.239998,1017.4,2,25.6
2026-06-19 15:00:00+04:00,23.92644,1017.4,2,25.65
2026-06-19 16:00:00+04:00,24.096073,1017.3,2,25.65
2026-06-19 17:00:00+04:00,23.972494,1017.5,2,25.65
2026-06-19 18:00:00+04:00,23.995462,1018.1,2,25.65
2026-06-19 19:00:00+04:00,24.035505,1018.6,2,25.65
2026-06-19 20:00:00+04:00,24.050547,1018.6,2,25.6
2026-06-19 21:00:00+04:00,24.143528,1018.7,2,25.6
2026-06-19 22:00:00+04:00,24.318321,1018.3,1,25.6
2026-06-19 23:00:00+04:00,24.442917,1018.5,1,25.6
2026-06-20 00:00:00+04:00,23.127495,1017.6,3,26.05
2026-06-20 01:00:00+04:00,23.098509,1017.4,3,26.0
2026-06-20 02:00:00+04:00,23.160633,1017.0,3,26.0
2026-06-20 03:00:00+04:00,23.40912,1016.8,3,26.0
2026-06-20 04:00:00+04:00,23.229233,1016.5,3,26.0
2026-06-20 05:00:00+04:00,23.198357,1016.7,3,26.0
2026-06-20 06:00:00+04:00,23.21578,1017.2,3,26.0
2026-06-20 07:00:00+04:00,23.159317,1017.5,3,26.0
2026-06-20 08:00:00+04:00,23.272936,1018.0,3,26.0
2026-06-20 09:00:00+04:00,23.268251,1018.3,3,26.0
2026-06-20 10:00:00+04:00,23.52434,1017.8,3,26.0
2026-06-20 11:00:00+04:00,24.21294,1017.3,3,26.0
2026-06-20 12:00:00+04:00,24.894077,1016.9,2,26.05
2026-06-20 13:00:00+04:00,25.155413,1016.5,2,26.05
2026-06-20 14:00:00+04:00,24.820179,1016.0,2,26.1
2026-06-20 15:00:00+04:00,24.460022,1016.1,2,26.1
2026-06-20 16:00:00+04:00,24.532707,1015.9,2,26.1
2026-06-20 17:00:00+04:00,24.634256,1016.3,2,26.1
2026-06-20 18:00:00+04:00,24.34952,1016.8,2,26.1
2026-06-20 19:00:00+04:00,24.301277,1017.0,2,26.05
2026-06-20 20:00:00+04:00,24.403778,1017.3,2,26.05
2026-06-20 21:00:00+04:00,24.29001,1017.4,3,26.0
2026-06-20 22:00:00+04:00,24.364326,1017.2,3,26.0
2026-06-20 23:00:00+04:00,24.325966,1017.1,3,26.0
2026-06-20 23:00:00+04:00,24.325966,1017.1,3,25.8
2026-06-21 00:00:00+05:00,24.729605,1017.0,4,26.0
2026-06-21 00:00:00+05:00,24.729605,1017.0,4,25.8
2026-06-21 01:00:00+05:00,24.814419,1017.0,4,25.8
2026-06-21 02:00:00+05:00,24.734966,1016.6,4,25.75
2026-06-21 03:00:00+05:00,24.807209,1016.4,4,25.75
2026-06-21 04:00:00+05:00,24.929068,1016.1,4,25.75
2026-06-21 05:00:00+05:00,25.106785,1016.0,4,25.75
2026-06-21 06:00:00+05:00,25.212704,1016.2,4,25.75
2026-06-21 07:00:00+05:00,25.268147,1016.4,4,25.75
2026-06-21 08:00:00+05:00,25.341637,1017.1,4,25.75
2026-06-21 09:00:00+05:00,25.498215,1017.7,4,25.8
2026-06-21 10:00:00+05:00,25.297745,1017.7,4,25.8
2026-06-21 11:00:00+05:00,25.502466,1016.8,4,25.8
2026-06-21 12:00:00+05:00,26.856798,1016.6,3,25.8
2026-06-21 13:00:00+05:00,27.218565,1016.1,3,25.8
2026-06-21 14:00:00+05:00,27.02079,1015.7,3,25.85
2026-06-21 15:00:00+05:00,26.656294,1015.5,3,25.85
2026-06-21 16:00:00+05:00,26.451307,1015.6,3,25.85
2026-06-21 17:00:00+05:00,26.716585,1015.9,3,25.85
2026-06-21 18:00:00+05:00,26.668995,1016.3,3,25.85
2026-06-21 19:00:00+05:00,26.552814,1016.6,4,25.8
2026-06-21 20:00:00+05:00,26.674738,1017.1,3,25.8
2026-06-21 21:00:00+05:00,26.90152,1017.6,3,25.8
2026-06-21 22:00:00+05:00,27.013756,1017.8,3,25.75
2026-06-21 23:00:00+05:00,26.712278,1017.3,3,25.75
2026-06-22 00:00:00+05:00,26.782501,1015.7,5,26.7
2026-06-22 01:00:00+05:00,26.742443,1015.7,4,26.7
2026-06-22 02:00:00+05:00,26.81042,1015.3,4,26.7
2026-06-22 03:00:00+05:00,26.817432,1015.0,4,26.7
2026-06-22 04:00:00+05:00,26.829102,1014.8,4,26.7
2026-06-22 05:00:00+05:00,26.742548,1014.8,5,26.7
2026-06-22 06:00:00+05:00,26.90979,1015.2,5,26.7
2026-06-22 07:00:00+05:00,26.937826,1015.5,5,26.7
2026-06-22 08:00:00+05:00,26.934904,1016.5,5,26.7
2026-06-22 09:00:00+05:00,27.11019,1017.0,5,26.75
2026-06-22 10:00:00+05:00,27.154585,1016.9,4,26.75
2026-06-22 11:00:00+05:00,27.971722,1015.9,4,26.75
2026-06-22 12:00:00+05:00,28.401588,1015.3,4,26.75
2026-06-22 13:00:00+05:00,28.47488,1014.4,4,26.75
2026-06-22 14:00:00+05:00,27.917152,1013.9,4,26.8
2026-06-22 15:00:00+05:00,27.32198,1013.4,4,26.8
2026-06-22 16:00:00+05:00,27.170574,1013.3,4,26.8
2026-06-22 17:00:00+05:00,26.77429,1013.5,5,26.8
2026-06-22 18:00:00+05:00,26.664888,1014.0,5,26.8
2026-06-22 19:00:00+05:00,26.635971,1014.3,5,26.75
2026-06-22 20:00:00+05:00,26.740448,1014.8,5,26.75
2026-06-22 21:00:00+05:00,26.944118,1015.3,5,26.75
2026-06-22 22:00:00+05:00,27.108215,1015.5,4,26.7
2026-06-22 23:00:00+05:00,26.839668,1014.7,4,26.7
2026-06-23 00:00:00+05:00,27.96457,1012.6,5,27.55
2026-06-23 01:00:00+05:00,28.083687,1012.2,4,27.55
2026-06-23 02:00:00+05:00,27.958778,1011.9,4,27.5
2026-06-23 03:00:00+05:00,28.26052,1012.0,4,27.5
2026-06-23 04:00:00+05:00,28.16465,1012.0,4,27.5
2026-06-23 05:00:00+05:00,27.465149,1012.0,5,27.5
2026-06-23 06:00:00+05:00,27.57835,1012.6,5,27.5
2026-06-23 07:00:00+05:00,27.744223,1013.3,4,27.5
2026-06-23 08:00:00+05:00,27.953716,1014.0,4,27.5
2026-06-23 09:00:00+05:00,28.004372,1013.9,5,27.55
2026-06-23 10:00:00+05:00,28.074753,1013.8,5,27.55
2026-06-23 11:00:00+05:00,28.997608,1012.8,5,27.55
2026-06-23 12:00:00+05:00,29.228619,1012.4,5,27.55
2026-06-23 13:00:00+05:00,29.125664,1011.8,4,27.55
2026-06-23 14:00:00+05:00,29.101746,1011.3,4,27.6
2026-06-23 15:00:00+05:00,28.495594,1010.9,4,27.6
2026-06-23 16:00:00+05:00,28.246964,1011.1,5,27.6
2026-06-23 17:00:00+05:00,28.718803,1012.0,4,27.6
2026-06-23 18:00:00+05:00,28.364616,1012.4,5,27.6
2026-06-23 19:00:00+05:00,28.279884,1013.1,5,27.6
2026-06-23 20:00:00+05:00,28.28217,1013.5,5,27.6
2026-06-23 21:00:00+05:00,28.241146,1013.8,5,27.55
2026-06-23 22:00:00+05:00,27.832493,1013.5,5,27.55
2026-06-23 23:00:00+05:00,27.516718,1012.7,5,27.55
2026-06-23 23:00:00+05:00,27.516718,1012.7,5,29.85
2026-06-24 00:00:00+06:00,31.704586,1011.4,3,27.55
2026-06-24 00:00:00+06:00,31.704586,1011.4,3,29.85
2026-06-24 01:00:00+06:00,32.008358,1011.0,3,29.8
2026-06-24 02:00:00+06:00,30.467731,1011.0,3,29.8
2026-06-24 03:00:00+06:00,30.911663,1010.5,3,29.8
2026-06-24 04:00:00+06:00,30.47681,1009.8,3,29.8
2026-06-24 05:00:00+06:00,30.43885,1009.9,4,29.8
2026-06-24 06:00:00+06:00,31.306694,1010.1,3,29.8
2026-06-24 07:00:00+06:00,31.67305,1010.6,3,29.85
2026-06-24 08:00:00+06:00,32.00202,1011.3,3,29.85
2026-06-24 09:00:00+06:00,32.50231,1011.7,3,29.9
2026-06-24 10:00:00+06:00,30.514805,1012.0,3,30.0
2026-06-24 11:00:00+06:00,33.243946,1011.7,2,30.05
2026-06-24 12:00:00+06:00,34.36698,1011.5,2,30.1
2026-06-24 13:00:00+06:00,34.973244,1011.1,2,30.15
2026-06-24 14:00:00+06:00,31.253178,1011.5,3,30.25
2026-06-24 15:00:00+06:00,31.673275,1010.7,3,30.35
2026-06-24 16:00:00+06:00,31.192616,1010.3,3,30.45
2026-06-24 17:00:00+06:00,31.080318,1010.6,3,30.5
2026-06-24 18:00:00+06:00,32.1708,1010.9,3,30.5
2026-06-24 19:00:00+06:00,32.150833,1011.4,3,30.45
2026-06-24 20:00:00+06:00,32.282078,1011.9,3,30.4
2026-06-24 21:00:00+06:00,32.404682,1012.2,3,30.3
2026-06-24 22:00:00+06:00,32.63065,1012.4,3,30.15
2026-06-24 23:00:00+06:00,32.185234,1012.4,3,30.05
2026-06-25 00:00:00+06:00,33.352097,1011.9,1,30.2
2026-06-25 01:00:00+06:00,33.246166,1011.1,2,30.2
2026-06-25 02:00:00+06:00,33.259098,1010.6,2,30.15
2026-06-25 03:00:00+06:00,32.8024,1010.1,2,30.15
2026-06-25 04:00:00+06:00,32.707508,1009.8,2,30.1
2026-06-25 05:00:00+06:00,32.931644,1010.1,2,30.1
2026-06-25 06:00:00+06:00,32.978024,1010.9,2,30.15
2026-06-25 07:00:00+06:00,33.028004,1011.1,2,30.2
2026-06-25 08:00:00+06:00,32.964394,1011.5,2,30.3
2026-06-25 09:00:00+06:00,33.301113,1011.6,2,30.4
2026-06-25 10:00:00+06:00,33.923973,1011.8,2,30.5
2026-06-25 11:00:00+06:00,34.631367,1011.3,2,30.6
2026-06-25 12:00:00+06:00,34.790634,1011.1,2,30.65
2026-06-25 13:00:00+06:00,34.866085,1010.5,2,30.65
2026-06-25 14:00:00+06:00,34.86864,1009.7,2,30.65
2026-06-25 15:00:00+06:00,34.169807,1008.7,2,30.65
2026-06-25 16:00:00+06:00,30.06308,1009.3,3,30.65
2026-06-25 17:00:00+06:00,32.09529,1009.4,2,30.6
2026-06-25 18:00:00+06:00,32.368946,1009.5,3,30.55
2026-06-25 19:00:00+06:00,32.587845,1010.1,3,30.5
2026-06-25 20:00:00+06:00,31.890179,1011.2,3,30.4
2026-06-25 21:00:00+06:00,32.22957,1011.7,3,30.35
2026-06-25 22:00:00+06:00,29.497936,1012.3,3,30.25
2026-06-25 23:00:00+06:00,30.558456,1012.3,2,30.2
2026-06-26 00:00:00+06:00,31.227306,1011.5,3,29.65
2026-06-26 01:00:00+06:00,31.383656,1010.5,3,29.65
2026-06-26 02:00:00+06:00,31.418842,1009.9,3,29.6
2026-06-26 03:00:00+06:00,30.206467,1009.5,4,29.6
2026-06-26 04:00:00+06:00,31.08873,1009.2,3,29.6
2026-06-26 05:00:00+06:00,31.480274,1009.8,3,29.6
2026-06-26 06:00:00+06:00,31.173508,1009.8,4,29.6
2026-06-26 07:00:00+06:00,31.706593,1010.8,3,29.6
2026-06-26 08:00:00+06:00,31.8726,1011.4,3,29.65
2026-06-26 09:00:00+06:00,29.627693,1012.5,4,29.65
2026-06-26 10:00:00+06:00,30.599964,1011.2,3,29.65
2026-06-26 11:00:00+06:00,31.45568,1011.6,3,29.7
2026-06-26 12:00:00+06:00,32.06554,1010.8,3,29.7
2026-06-26 13:00:00+06:00,31.279034,1010.5,3,29.7
2026-06-26 14:00:00+06:00,30.725395,1010.2,3,29.7
2026-06-26 15:00:00+06:00,29.701218,1009.4,4,29.7
2026-06-26 16:00:00+06:00,30.5065,1008.9,3,29.7
2026-06-26 17:00:00+06:00,30.974285,1009.1,3,29.7
2026-06-26 18:00:00+06:00,32.23442,1010.3,2,29.7
2026-06-26 19:00:00+06:00,30.539574,1010.9,3,29.7
2026-06-26 20:00:00+06:00,31.179508,1011.4,3,29.65
2026-06-26 21:00:00+06:00,31.137749,1012.1,3,29.65
2026-06-26 22:00:00+06:00,30.933788,1012.1,3,29.65
2026-06-26 23:00:00+06:00,30.745213,1011.9,4,29.6
2026-06-26 23:00:00+06:00,30.745213,1011.9,4,30.95
2026-06-27 00:00:00+07:00,34.784683,1010.5,2,29.6
2026-06-27 00:00:00+07:00,34.784683,1010.5,2,30.95
2026-06-27 01:00:00+07:00,34.77028,1010.0,2,30.95
2026-06-27 02:00:00+07:00,32.173767,1009.8,4,30.95
2026-06-27 03:00:00+07:00,31.073723,1009.9,3,30.9
2026-06-27 04:00:00+07:00,31.059181,1009.5,3,30.85
2026-06-27 05:00:00+07:00,32.25624,1009.3,3,30.85
2026-06-27 06:00:00+07:00,31.96246,1009.8,3,30.85
2026-06-27 07:00:00+07:00,33.36834,1009.8,2,30.85
2026-06-27 08:00:00+07:00,31.499348,1011.1,2,30.9
2026-06-27 09:00:00+07:00,32.076237,1011.6,2,30.95
2026-06-27 10:00:00+07:00,32.207676,1011.9,1,31.0
2026-06-27 11:00:00+07:00,32.295853,1011.5,2,31.05
2026-06-27 12:00:00+07:00,33.74098,1010.7,1,31.1
2026-06-27 13:00:00+07:00,34.946327,1009.9,1,31.15
2026-06-27 14:00:00+07:00,35.438522,1009.0,1,31.15
2026-06-27 15:00:00+07:00,34.035286,1008.6,2,31.15
2026-06-27 16:00:00+07:00,33.40158,1007.5,3,31.15
2026-06-27 17:00:00+07:00,33.16338,1007.8,3,31.15
2026-06-27 18:00:00+07:00,33.622223,1008.3,3,31.15
2026-06-27 19:00:00+07:00,34.613968,1008.4,3,31.1
2026-06-27 20:00:00+07:00,34.285034,1009.4,3,31.05
2026-06-27 21:00:00+07:00,34.534096,1009.9,2,31.0
2026-06-27 22:00:00+07:00,34.914253,1010.4,2,30.95
2026-06-27 23:00:00+07:00,34.774826,1010.5,2,30.9
2026-06-27 23:00:00+07:00,34.774826,1010.5,2,30.8
2026-06-28 00:00:00+08:00,34.468033,1010.1,3,30.9
2026-06-28 00:00:00+08:00,34.468033,1010.1,3,30.8
2026-06-28 01:00:00+08:00,34.38174,1009.6,3,30.8
2026-06-28 02:00:00+08:00,34.138203,1009.4,3,30.75
2026-06-28 03:00:00+08:00,34.295452,1008.8,3,30.7
2026-06-28 04:00:00+08:00,34.564495,1008.6,2,30.7
2026-06-28 05:00:00+08:00,34.495136,1008.6,2,30.65
2026-06-28 06:00:00+08:00,34.334385,1008.7,2,30.65
2026-06-28 07:00:00+08:00,34.356453,1009.3,2,30.65
2026-06-28 08:00:00+08:00,33.883835,1009.8,2,30.65
2026-06-28 09:00:00+08:00,33.88857,1010.5,3,30.7
2026-06-28 10:00:00+08:00,34.170444,1010.8,2,30.75
2026-06-28 11:00:00+08:00,34.280888,1011.0,3,30.85
2026-06-28 12:00:00+08:00,34.707542,1010.5,3,30.9
2026-06-28 13:00:00+08:00,34.316555,1009.7,3,30.95
2026-06-28 14:00:00+08:00,35.13146,1009.3,3,31.0
2026-06-28 15:00:00+08:00,35.1761,1008.3,3,31.0
2026-06-28 16:00:00+08:00,33.682953,1007.4,4,30.95
2026-06-28 17:00:00+08:00,33.00003,1006.9,4,30.9
2026-06-28 18:00:00+08:00,33.06728,1006.9,4,30.85
2026-06-28 19:00:00+08:00,33.067425,1007.1,4,30.8
2026-06-28 20:00:00+08:00,33.24508,1008.1,4,30.75
2026-06-28 21:00:00+08:00,33.23666,1009.0,4,30.7
2026-06-28 22:00:00+08:00,33.20404,1009.9,4,30.7
2026-06-28 23:00:00+08:00,33.08802,1010.6,3,30.65
2026-06-29 00:00:00+08:00,32.792156,1010.4,4,30.65
2026-06-29 01:00:00+08:00,32.188377,1010.7,2,30.65
2026-06-29 02:00:00+08:00,33.398834,1010.3,3,30.6
2026-06-29 03:00:00+08:00,33.111614,1009.5,3,30.55
2026-06-29 04:00:00+08:00,33.468422,1009.0,3,30.55
2026-06-29 05:00:00+08:00,33.45214,1008.7,3,30.5
2026-06-29 06:00:00+08:00,33.310665,1008.9,3,30.5
2026-06-29 07:00:00+08:00,33.180065,1008.9,3,30.5
2026-06-29 08:00:00+08:00,33.315704,1009.2,3,30.5
2026-06-29 09:00:00+08:00,33.121044,1010.0,3,30.55
2026-06-29 10:00:00+08:00,33.50748,1010.4,3,30.6
2026-06-29 11:00:00+08:00,33.83795,1010.4,3,30.65
2026-06-29 12:00:00+08:00,35.183273,1010.2,3,30.7
2026-06-29 13:00:00+08:00,34.091164,1009.9,3,30.75
2026-06-29 14:00:00+08:00,34.122402,1009.2,4,30.8
2026-06-29 15:00:00+08:00,32.90712,1008.4,4,30.8
2026-06-29 16:00:00+08:00,33.013775,1007.7,3,30.85
2026-06-29 17:00:00+08:00,33.608654,1007.3,3,30.85
2026-06-29 18:00:00+08:00,34.09665,1007.4,3,30.85
2026-06-29 19:00:00+08:00,33.904144,1008.0,3,30.8
2026-06-29 20:00:00+08:00,33.593502,1009.1,3,30.8
2026-06-29 21:00:00+08:00,34.02669,1009.4,3,30.8
2026-06-29 22:00:00+08:00,33.786804,1010.2,3,30.75
2026-06-29 23:00:00+08:00,34.010174,1010.8,2,30.7
2026-06-30 00:00:00+07:00,29.711819,1011.0,4,30.15
2026-06-30 01:00:00+07:00,31.077461,1010.2,3,30.15
2026-06-30 02:00:00+07:00,32.047897,1009.2,3,30.15
2026-06-30 03:00:00+07:00,32.026382,1008.7,3,30.1
2026-06-30 04:00:00+07:00,31.86742,1008.6,4,30.1
2026-06-30 05:00:00+07:00,31.466293,1008.9,4,30.05
2026-06-30 06:00:00+07:00,32.332832,1008.9,4,30.05
2026-06-30 07:00:00+07:00,31.229843,1010.9,3,30.05
2026-06-30 08:00:00+07:00,30.342163,1010.9,4,30.05
2026-06-30 09:00:00+07:00,31.03114,1011.2,4,30.05
2026-06-30 10:00:00+07:00,29.25182,1011.7,4,30.05
2026-06-30 11:00:00+07:00,29.187366,1011.4,5,30.1
2026-06-30 12:00:00+07:00,30.24096,1010.7,4,30.1
2026-06-30 13:00:00+07:00,31.682213,1009.7,3,30.1
2026-06-30 14:00:00+07:00,32.523697,1008.9,4,30.1
2026-06-30 15:00:00+07:00,31.59465,1008.5,4,30.1
2026-06-30 16:00:00+07:00,32.04164,1008.4,4,30.1
2026-06-30 17:00:00+07:00,32.648586,1008.2,3,30.1
2026-06-30 18:00:00+07:00,32.56931,1008.4,3,30.1
2026-06-30 19:00:00+07:00,33.010746,1008.6,4,30.1
2026-06-30 20:00:00+07:00,33.073544,1009.4,4,30.1
2026-06-30 21:00:00+07:00,32.770515,1009.9,4,30.1
2026-06-30 22:00:00+07:00,32.665756,1010.6,4,30.1
2026-06-30 23:00:00+07:00,32.099564,1010.5,4,30.05
2026-07-01 00:00:00+07:00,33.411995,1007.6,4,29.85
2026-07-01 01:00:00+07:00,32.95774,1006.9,4,29.85
2026-07-01 02:00:00+07:00,33.34982,1006.2,4,29.85
2026-07-01 03:00:00+07:00,33.261997,1005.4,4,29.85
2026-07-01 04:00:00+07:00,32.77715,1005.2,4,29.8
2026-07-01 05:00:00+07:00,32.784275,1005.2,4,29.8
2026-07-01 06:00:00+07:00,32.11735,1006.0,4,29.8
2026-07-01 07:00:00+07:00,29.92823,1007.2,5,29.8
2026-07-01 08:00:00+07:00,29.506699,1007.4,5,29.8
2026-07-01 09:00:00+07:00,30.099052,1007.3,5,29.8
2026-07-01 10:00:00+07:00,30.89301,1007.4,5,29.8
2026-07-01 11:00:00+07:00,30.17186,1008.3,4,29.8
2026-07-01 12:00:00+07:00,30.235268,1008.3,4,29.8
2026-07-01 13:00:00+07:00,30.605103,1006.6,5,29.8
2026-07-01 14:00:00+07:00,31.994556,1006.0,4,29.8
2026-07-01 15:00:00+07:00,31.210247,1005.5,5,29.8
2026-07-01 16:00:00+07:00,32.02634,1005.2,4,29.8
2026-07-01 17:00:00+07:00,31.231876,1005.6,4,29.75
2026-07-01 18:00:00+07:00,30.89701,1006.5,4,29.75
2026-07-01 19:00:00+07:00,31.43613,1007.4,4,29.75
2026-07-01 20:00:00+07:00,30.15644,1007.5,5,29.75
2026-07-01 21:00:00+07:00,30.887424,1007.8,4,29.75
2026-07-01 22:00:00+07:00,31.049885,1007.8,5,29.75
2026-07-01 23:00:00+07:00,30.89333,1007.5,5,29.75
2026-07-01 23:00:00+07:00,30.89333,1007.5,5,30.35
2026-07-02 00:00:00+08:00,29.660969,1006.1,6,29.75
2026-07-02 00:00:00+08:00,29.660969,1006.1,6,30.35
2026-07-02 01:00:00+08:00,30.211117,1005.9,6,30.3
2026-07-02 02:00:00+08:00,29.123066,1005.6,6,30.25
2026-07-02 03:00:00+08:00,29.312057,1005.2,6,30.2
2026-07-02 04:00:00+08:00,28.701183,1005.4,6,30.2
2026-07-02 05:00:00+08:00,29.434513,1005.3,6,30.2
2026-07-02 06:00:00+08:00,29.266289,1005.7,6,30.15
2026-07-02 07:00:00+08:00,29.563568,1006.3,6,30.15
2026-07-02 08:00:00+08:00,29.130112,1007.3,6,30.15
2026-07-02 09:00:00+08:00,29.501682,1008.0,6,30.15
2026-07-02 10:00:00+08:00,28.927341,1008.1,6,30.15
2026-07-02 11:00:00+08:00,28.486694,1008.9,6,30.15
2026-07-02 12:00:00+08:00,28.870262,1008.3,6,30.15
2026-07-02 13:00:00+08:00,29.773567,1008.1,6,30.1
2026-07-02 14:00:00+08:00,28.58574,1008.3,6,30.1
2026-07-02 15:00:00+08:00,28.366669,1007.9,6,30.05
2026-07-02 16:00:00+08:00,27.931664,1007.0,6,30.05
2026-07-02 17:00:00+08:00,28.973373,1006.8,7,30.0
2026-07-02 18:00:00+08:00,28.943565,1007.5,6,29.95
2026-07-02 19:00:00+08:00,28.744923,1007.8,7,29.95
2026-07-02 20:00:00+08:00,29.588516,1008.6,6,29.9
2026-07-02 21:00:00+08:00,29.91793,1009.0,6,29.9
2026-07-02 22:00:00+08:00,29.871841,1009.6,6,29.85
2026-07-02 23:00:00+08:00,29.817356,1010.0,6,29.85
2026-07-03 00:00:00+08:00,33.17825,1013.7,4,29.9
2026-07-03 01:00:00+08:00,33.2529,1013.5,4,29.85
2026-07-03 02:00:00+08:00,33.108894,1013.3,4,29.8
2026-07-03 03:00:00+08:00,33.114773,1013.0,4,29.75
2026-07-03 04:00:00+08:00,32.993896,1013.1,4,29.7
2026-07-03 05:00:00+08:00,32.629868,1013.1,4,29.65
2026-07-03 06:00:00+08:00,32.357456,1013.0,4,29.65
2026-07-03 07:00:00+08:00,32.38757,1013.3,4,29.6
2026-07-03 08:00:00+08:00,32.794464,1013.9,4,29.6
2026-07-03 09:00:00+08:00,32.899208,1014.0,4,29.6
2026-07-03 10:00:00+08:00,33.347366,1013.7,4,29.65
2026-07-03 11:00:00+08:00,33.8458,1013.4,4,29.7
2026-07-03 12:00:00+08:00,34.10995,1013.3,4,29.75
2026-07-03 13:00:00+08:00,34.25559,1013.1,4,29.8
2026-07-03 14:00:00+08:00,34.332916,1012.6,4,29.8
2026-07-03 15:00:00+08:00,33.808586,1012.5,4,29.8
2026-07-03 16:00:00+08:00,33.136185,1012.3,4,29.8
2026-07-03 17:00:00+08:00,32.74743,1012.0,4,29.8
2026-07-03 18:00:00+08:00,32.44429,1012.0,4,29.8
2026-07-03 19:00:00+08:00,32.29357,1012.4,4,29.75
2026-07-03 20:00:00+08:00,32.961006,1013.0,4,29.75
2026-07-03 21:00:00+08:00,32.966896,1013.3,4,29.75
2026-07-03 22:00:00+08:00,33.114346,1013.8,4,29.7
2026-07-03 23:00:00+08:00,33.114433,1014.1,4,29.7
2026-07-04 00:00:00+08:00,31.263454,1012.9,5,28.35
2026-07-04 01:00:00+08:00,30.954552,1012.5,5,28.3
2026-07-04 02:00:00+08:00,31.340446,1012.3,4,28.3
2026-07-04 03:00:00+08:00,30.895271,1012.3,5,28.3
2026-07-04 04:00:00+08:00,30.88815,1012.3,5,28.25
2026-07-04 05:00:00+08:00,31.084518,1012.7,5,28.25
2026-07-04 06:00:00+08:00,31.19843,1013.0,4,28.25
2026-07-04 07:00:00+08:00,31.119938,1012.9,5,28.25
2026-07-04 08:00:00+08:00,31.352161,1013.0,5,28.25
2026-07-04 09:00:00+08:00,31.895836,1012.5,5,28.3
2026-07-04 10:00:00+08:00,32.61913,1012.5,5,28.35
2026-07-04 11:00:00+08:00,33.21549,1012.5,5,28.4
2026-07-04 12:00:00+08:00,33.488644,1012.5,5,28.45
2026-07-04 13:00:00+08:00,33.521786,1012.4,5,28.5
2026-07-04 14:00:00+08:00,33.073193,1011.8,5,28.55
2026-07-04 15:00:00+08:00,32.043537,1011.4,5,28.55
2026-07-04 16:00:00+08:00,31.157745,1010.8,5,28.55
2026-07-04 17:00:00+08:00,31.53083,1010.7,5,28.55
2026-07-04 18:00:00+08:00,31.781029,1010.8,4,28.55
2026-07-04 19:00:00+08:00,31.932522,1011.4,4,28.5
2026-07-04 20:00:00+08:00,32.74603,1011.7,4,28.5
2026-07-04 21:00:00+08:00,32.315155,1012.0,4,28.5
2026-07-04 22:00:00+08:00,32.03315,1012.3,4,28.5
2026-07-04 23:00:00+08:00,31.679405,1012.0,4,28.5
2026-07-05 00:00:00+08:00,25.504028,1005.7,4,23.6
2026-07-05 01:00:00+08:00,25.32386,1005.7,4,23.6
2026-07-05 02:00:00+08:00,26.736141,1004.6,4,23.6
2026-07-05 03:00:00+08:00,24.274319,1004.6,5,23.6
2026-07-05 04:00:00+08:00,23.073978,1004.2,6,23.6
2026-07-05 05:00:00+08:00,24.425524,1004.4,5,23.65
2026-07-05 06:00:00+08:00,25.411215,1004.4,5,23.65
2026-07-05 07:00:00+08:00,25.734175,1004.7,4,23.65
2026-07-05 08:00:00+08:00,24.450184,1005.3,6,23.65
2026-07-05 09:00:00+08:00,24.738335,1004.4,5,23.65
2026-07-05 10:00:00+08:00,25.78782,1004.5,5,23.65
2026-07-05 11:00:00+08:00,26.716143,1004.9,5,23.65
2026-07-05 12:00:00+08:00,26.298313,1004.7,5,23.65
2026-07-05 13:00:00+08:00,25.648514,1004.1,5,23.65
2026-07-05 14:00:00+08:00,26.741282,1003.6,4,23.65
2026-07-05 15:00:00+08:00,26.996176,1003.3,5,23.65
2026-07-05 16:00:00+08:00,26.108465,1003.3,5,23.7
2026-07-05 17:00:00+08:00,26.287128,1003.0,4,23.7
2026-07-05 18:00:00+08:00,26.347898,1003.4,4,23.7
2026-07-05 19:00:00+08:00,26.354755,1003.9,4,23.75
2026-07-05 20:00:00+08:00,25.56866,1004.2,4,23.75
2026-07-05 21:00:00+08:00,26.664114,1004.2,4,23.75
2026-07-05 22:00:00+08:00,26.660208,1004.5,4,23.75
2026-07-05 23:00:00+08:00,26.197565,1004.5,4,23.8
2026-07-06 00:00:00+08:00,26.32698,1002.6,4,24.75
2026-07-06 01:00:00+08:00,27.008675,1002.2,4,24.75
2026-07-06 02:00:00+08:00,26.057154,1001.2,4,24.7
2026-07-06 03:00:00+08:00,26.497929,1001.7,4,24.7
2026-07-06 04:00:00+08:00,26.02054,1001.5,5,24.65
2026-07-06 05:00:00+08:00,25.96015,1001.4,5,24.65
2026-07-06 06:00:00+08:00,26.631231,1001.7,4,24.65
2026-07-06 07:00:00+08:00,27.083622,1001.9,4,24.65
2026-07-06 08:00:00+08:00,26.035736,1001.7,5,24.65
2026-07-06 09:00:00+08:00,25.275229,1001.6,5,24.65
2026-07-06 10:00:00+08:00,25.302738,1002.1,6,24.7
2026-07-06 11:00:00+08:00,26.280258,1002.2,6,24.75
2026-07-06 12:00:00+08:00,27.096355,1002.7,5,24.75
2026-07-06 13:00:00+08:00,27.400307,1002.8,5,24.8
2026-07-06 14:00:00+08:00,28.517372,1002.6,4,24.8
2026-07-06 15:00:00+08:00,28.034454,1003.0,4,24.8
2026-07-06 16:00:00+08:00,27.173931,1003.1,4,24.8
2026-07-06 17:00:00+08:00,27.242392,1003.1,4,24.75
2026-07-06 18:00:00+08:00,27.845932,1003.2,4,24.75
2026-07-06 19:00:00+08:00,28.227879,1003.8,4,24.7
2026-07-06 20:00:00+08:00,28.793331,1003.9,3,24.7
2026-07-06 21:00:00+08:00,28.629768,1004.7,3,24.7
2026-07-06 22:00:00+08:00,28.147068,1004.3,4,24.7
2026-07-06 23:00:00+08:00,24.00175,1005.9,5,24.7
2026-07-06 23:00:00+08:00,24.00175,1005.9,5,23.95
2026-07-07 00:00:00+09:00,24.885935,1005.3,4,24.7
2026-07-07 00:00:00+09:00,24.885935,1005.3,4,23.95
2026-07-07 01:00:00+09:00,24.810358,1005.5,4,23.9
2026-07-07 02:00:00+09:00,23.710747,1005.7,5,23.9
2026-07-07 03:00:00+09:00,24.62147,1004.9,4,23.9
2026-07-07 04:00:00+09:00,23.68654,1005.7,4,23.9
2026-07-07 05:00:00+09:00,23.791817,1005.1,4,23.85
2026-07-07 06:00:00+09:00,25.021658,1004.9,3,23.85
2026-07-07 07:00:00+09:00,24.26693,1005.8,4,23.85
2026-07-07 08:00:00+09:00,24.333454,1006.0,4,23.85
2026-07-07 09:00:00+09:00,22.37399,1006.5,5,23.85
2026-07-07 10:00:00+09:00,23.834452,1006.3,4,23.9
2026-07-07 11:00:00+09:00,24.601334,1006.4,4,24.0
2026-07-07 12:00:00+09:00,25.98195,1006.8,3,24.1
2026-07-07 13:00:00+09:00,25.94824,1006.2,3,24.15
2026-07-07 14:00:00+09:00,26.389778,1006.3,3,24.25
2026-07-07 15:00:00+09:00,26.813517,1005.3,3,24.3
2026-07-07 16:00:00+09:00,27.340487,1004.9,2,24.35
2026-07-07 17:00:00+09:00,26.633812,1004.4,3,24.35
2026-07-07 18:00:00+09:00,25.808998,1003.7,4,24.35
2026-07-07 19:00:00+09:00,24.783802,1003.4,5,24.35
2026-07-07 20:00:00+09:00,24.061693,1003.5,5,24.3
2026-07-07 21:00:00+09:00,24.200891,1003.7,5,24.2
2026-07-07 22:00:00+09:00,23.960518,1003.6,6,24.05
2026-07-07 23:00:00+09:00,23.601608,1002.9,6,23.85
